,popularity_class
9671,0
9212,1
1875,1
1424,0
8488,0
4446,0
8480,0
2235,1
5891,0
477,0
7419,0
8900,0
5647,1
6797,1
3893,0
1650,0
9114,0
866,1
1784,0
4650,0
5328,0
1363,1
3722,1
4907,1
4391,1
1907,1
6522,0
1865,1
3268,1
3709,0
992,1
5081,1
5138,0
2329,1
738,1
4582,1
7532,0
7950,0
979,0
7873,0
508,1
7124,1
1071,1
1331,1
1033,1
163,0
7799,1
9502,1
4025,1
4739,0
2762,1
679,0
2778,1
8706,0
9194,1
1613,1
8437,1
8365,1
6632,1
8847,0
2819,0
5600,0
8206,0
8184,0
3839,0
5491,1
3871,0
4975,0
8445,1
1893,1
96,1
4881,1
1482,0
8598,0
5133,1
8537,1
6176,0
5571,1
1586,0
3263,0
8361,1
2469,1
6966,1
1585,1
2124,0
704,1
8548,0
976,1
8596,0
5606,0
3280,1
2861,0
3612,1
940,1
8994,1
8489,1
6453,1
9412,0
5466,0
6520,0
2202,0
8515,1
2261,1
9557,0
139,0
9413,0
3359,0
7935,1
3256,1
6877,1
4096,0
5654,0
1531,1
9669,0
8776,0
5074,0
5238,0
1740,0
1238,0
7550,0
2591,1
4288,0
3541,0
1121,1
8761,1
7657,1
3588,1
1960,0
7712,0
4479,1
997,0
572,1
4660,0
3514,1
3702,1
3969,1
5586,0
1414,0
5436,0
3590,1
4721,0
8105,1
985,0
6773,1
5088,0
215,0
1326,0
9428,1
2995,1
8136,0
57,0
2028,0
4361,1
4947,0
2712,1
1345,1
3285,0
3204,1
9266,0
2976,0
7858,0
3574,1
1882,0
3829,0
6007,1
4087,1
2804,1
4265,1
2194,0
952,1
336,1
1066,0
7652,0
4207,1
7785,1
9640,0
5612,0
6963,1
2468,0
2772,1
9264,0
8369,1
342,1
9120,0
1339,1
6588,1
5191,1
685,0
3664,1
5925,0
9143,0
791,0
487,0
2185,1
6895,1
7517,1
8818,0
7586,0
29,0
2509,1
1483,1
759,0
5084,0
4805,1
4127,1
9538,1
881,0
8837,0
4452,0
897,0
5790,1
4131,1
9503,0
7812,0
6183,1
4168,0
6872,0
8442,0
1792,0
7859,1
7852,0
2737,0
702,1
7298,0
6812,0
8938,1
9309,0
7072,0
1358,0
6917,1
2414,0
4104,0
1355,1
4636,1
9489,0
6705,0
1452,0
6384,0
4756,1
5487,1
7372,0
4039,1
6927,1
8601,1
8789,1
828,1
4688,0
6803,1
3315,0
334,1
3448,1
8457,1
8874,0
6093,1
2166,0
9731,1
4502,0
3322,1
5627,1
8724,0
5036,0
1042,0
9287,0
9845,0
7458,1
45,0
3695,0
1092,0
6864,0
4663,1
8113,1
374,1
5468,0
9381,0
8132,0
8035,1
8108,0
1081,1
8296,0
735,0
829,0
944,1
8751,1
9813,0
7437,0
4594,1
7724,0
1493,1
9527,0
8678,0
1281,1
4411,1
8248,0
9598,0
6684,1
6723,0
128,1
8237,1
9311,0
8504,0
1807,1
7187,0
9181,0
4193,1
7349,1
7438,1
779,0
6847,1
3036,1
1567,1
4901,1
1566,0
6464,0
772,1
912,1
4714,0
5546,0
6268,0
2424,1
697,0
2369,1
821,0
2481,1
65,0
6400,0
1959,1
7224,1
3224,1
5360,0
9269,0
8495,1
7741,1
8599,1
4480,0
3890,1
4365,1
4114,0
7285,1
387,0
8355,1
5779,0
2264,0
91,0
9795,0
7856,0
8332,0
8979,0
7148,1
2395,1
6601,0
9085,0
7645,1
8838,1
1392,0
8110,0
4166,0
7830,0
4042,0
6742,1
6915,1
8973,0
7462,1
2610,0
5125,1
3516,1
2980,0
7286,0
2436,0
2017,1
8902,0
265,0
9564,1
8456,0
4296,0
6240,0
7570,0
4747,0
9615,0
1814,0
2392,0
8569,1
9458,1
3094,1
6711,0
7869,0
4703,1
4507,1
3595,0
8966,1
6950,0
2818,1
5050,0
6651,1
2551,1
5394,0
154,1
7333,1
9605,0
9282,0
3390,1
9061,0
7507,1
8483,1
2839,0
3432,1
4591,0
6380,0
4283,1
8895,1
1836,0
1971,1
48,1
7405,0
8250,0
610,1
4592,1
6680,1
6501,1
5479,1
3617,0
5057,1
795,0
3691,0
3563,0
8235,1
4691,1
206,1
2932,1
9637,0
801,0
3128,1
5320,0
1386,0
7035,1
8340,0
5888,1
506,1
5486,0
2690,1
2883,0
9083,0
8286,0
5615,1
2360,0
2407,1
8637,1
1205,1
8404,0
9021,0
9367,0
8400,0
6598,1
5907,0
7971,1
7635,1
4228,1
3936,1
2636,1
9587,0
5359,1
7523,1
298,1
5236,0
2083,0
5127,1
7921,1
251,0
64,1
8740,0
9594,0
5683,0
8609,1
7903,1
5944,1
4737,0
8169,1
5916,1
3658,1
8384,0
339,0
3156,1
2846,1
3265,0
5939,1
6595,0
2266,0
5573,1
1584,0
4840,0
8794,0
6364,0
7467,0
4103,1
7668,0
8481,1
6908,1
6566,1
9057,0
915,0
4209,1
2117,1
7079,1
8597,1
7796,0
5226,0
1076,0
200,1
4293,1
1519,1
6317,1
2384,0
806,1
9441,0
8468,0
6126,0
8919,1
8085,1
9604,0
4085,1
1087,1
7601,1
9253,0
1990,0
3380,1
737,0
652,1
5211,1
8790,0
8516,0
5103,1
3149,0
7798,0
5146,0
5096,0
6027,1
6585,0
7344,0
9091,0
344,1
9470,1
684,1
4626,1
715,0
848,1
5469,1
4300,0
4768,1
9644,0
4884,0
6569,0
3546,1
658,1
5976,1
1297,1
8852,1
7613,1
1181,1
7670,0
1800,0
823,0
9433,0
3407,0
9334,0
6548,0
1904,0
6141,1
1095,1
4662,0
6879,1
8292,0
6304,0
392,1
5666,0
2560,0
4741,0
3283,0
4215,1
6901,1
1160,0
5152,0
1638,0
9511,0
1607,1
2537,1
7857,1
5385,1
6547,1
690,1
9362,0
1232,0
7529,1
2225,1
7781,1
1691,1
9171,0
8717,1
1778,0
3636,1
3260,1
4936,0
4275,1
7779,1
6079,1
9147,0
5630,0
8975,0
149,0
3769,0
7901,1
6306,0
4808,0
6819,1
7443,0
7248,0
3932,1
6269,1
4355,1
3230,1
7617,1
5179,1
3742,1
238,1
3207,0
7563,1
9770,0
8315,1
758,1
7689,1
1758,0
7561,1
4786,1
8207,1
3679,0
285,0
1227,1
4469,1
3865,0
710,1
7471,0
4995,0
4821,1
1799,1
5231,1
3810,1
8568,0
4577,0
6943,1
1476,0
8047,1
3201,0
2879,0
2399,1
8498,0
7388,0
7028,0
384,1
7499,1
9673,0
6862,0
8543,1
5729,0
1123,1
1237,1
754,1
5439,1
6390,0
8130,0
7823,1
550,1
6343,1
6454,0
6997,1
1694,0
6008,0
4392,0
2997,1
7908,0
6838,0
3075,0
3638,1
7086,0
5762,1
8574,0
2940,1
9807,1
5667,1
1243,1
8281,1
4605,0
1673,1
9513,0
9438,0
7062,1
207,0
3807,0
8042,0
1956,0
3011,0
2967,0
2524,0
2111,1
9183,0
8783,1
2071,0
3868,1
1204,0
7260,0
9260,0
7147,0
6040,0
4956,1
6889,1
3048,1
9445,0
954,1
1502,0
36,1
1902,0
4328,0
9133,0
437,0
3988,0
9573,0
9095,0
5699,0
7049,1
6956,0
3229,0
5161,1
7408,1
2868,1
38,1
1812,0
4710,0
2072,1
861,0
2902,1
8082,0
8342,0
445,0
933,0
8318,0
7832,0
7630,0
5155,1
9328,0
7448,1
5130,0
5154,0
1577,1
4934,0
1921,1
9295,0
1001,0
849,0
4619,0
1321,1
7090,0
7684,0
858,1
2522,0
3442,1
2275,1
7885,1
1775,1
7581,1
7587,1
3182,1
4542,0
9080,1
9522,1
3046,1
2094,1
4099,1
3881,0
9677,0
7726,0
7947,1
3737,0
1763,1
7987,1
7042,0
1681,1
9256,0
3984,1
2767,0
3417,0
3136,1
5332,0
3108,1
4418,0
7239,1
9186,1
3294,1
989,0
3226,1
425,0
7264,0
4656,0
3472,1
468,1
5377,1
316,1
7750,0
3520,1
6929,1
1101,1
6904,0
5464,0
141,0
1009,1
8297,1
4549,1
6913,1
7603,1
552,1
2596,0
4217,1
1015,1
1514,0
5890,1
5990,0
7426,1
5826,1
1914,0
8572,0
2585,1
6994,0
1806,0
6697,0
4260,0
9642,0
9672,0
170,1
2525,1
8279,1
3024,1
4635,0
1939,1
1787,1
2853,0
7383,1
1818,0
3245,0
2985,0
1861,1
7975,1
2112,0
7361,1
9802,0
9028,1
8857,0
1038,1
3729,0
1458,0
7672,0
2174,0
5732,1
6042,0
4680,0
9512,1
3100,1
1226,0
3167,0
5463,1
8921,0
696,1
2213,1
5052,0
9067,0
6496,0
1989,1
9824,0
9583,0
8187,1
2158,0
1192,0
854,1
4113,1
601,0
1351,1
1900,0
5069,1
7189,0
2055,0
4864,0
5821,0
259,0
5598,0
4521,1
1155,1
5578,0
457,0
7502,0
2284,0
6298,0
4091,1
9370,0
2779,0
1766,0
8493,1
3454,1
7895,1
1172,0
9284,0
8649,1
7808,0
8535,1
9491,0
8064,0
5948,0
2089,0
3132,1
2504,0
1666,0
2668,1
2279,1
3252,1
664,1
4678,0
8739,1
8628,0
4584,1
5535,1
232,1
9101,0
906,1
7338,0
2825,0
6821,1
7429,0
7687,1
7983,1
1967,1
6372,0
6849,1
2500,0
4330,0
173,0
602,1
2053,0
2304,0
6685,0
1070,0
3095,0
5108,0
454,1
5512,0
8447,1
8435,1
7424,1
7076,1
5797,0
465,0
9399,0
1690,0
7627,1
3476,1
323,0
6103,1
179,0
5316,0
1941,1
3611,0
8948,1
8262,0
923,0
8620,0
2364,0
7213,0
5945,1
8502,0
2295,1
1986,1
8801,1
7067,1
2274,0
6835,1
9088,0
4676,0
8617,1
6614,1
6066,0
6570,1
3459,0
3667,0
6157,1
707,0
6667,0
6262,0
2597,1
4779,0
2534,0
3157,0
9122,0
2906,1
6395,1
5843,0
2571,1
6461,1
4960,1
7639,1
9400,0
2269,1
2136,0
8017,1
6009,1
6170,0
4484,0
7364,0
6571,0
1820,0
8160,0
2179,1
2564,0
325,0
2963,0
3895,0
2187,1
1837,1
4164,0
5691,0
6487,1
1711,1
3911,0
2741,0
798,1
490,1
7254,0
2947,0
9151,0
6709,0
7181,0
7546,0
3296,1
2765,0
7609,1
4444,0
3483,0
2068,1
8821,1
2160,0
647,0
1418,0
9585,0
9340,0
8518,0
2710,1
2087,0
6062,0
2747,0
1924,0
3524,1
3627,0
404,1
1115,1
5294,0
5429,1
2683,0
8965,0
7863,1
2913,0
7504,0
9197,0
4021,1
9294,0
7878,0
7708,0
4403,1
2811,0
2440,0
4924,0
6143,1
926,1
9657,0
3066,1
4685,1
7692,0
9221,0
9136,1
703,0
4932,0
1708,0
146,1
39,1
4509,1
668,1
5978,1
4144,0
186,1
1102,0
9449,0
1926,0
3838,1
6801,1
3680,1
3255,0
4778,1
1587,1
4545,1
5418,0
3614,1
1634,0
1497,1
1378,0
513,0
4370,0
7180,1
4410,0
4054,1
5263,1
5208,0
3880,1
7963,1
4625,0
2651,0
1562,0
8446,0
7343,1
7748,0
3621,0
6472,0
8551,1
957,0
4135,1
1425,1
2675,0
8167,1
2129,1
4958,1
5188,0
9363,0
4933,1
2815,0
5619,1
1974,0
7765,1
2588,0
3572,1
5561,1
2557,1
2664,1
7711,1
1624,0
9417,0
2218,0
3827,0
4111,1
547,0
5193,1
7433,0
278,1
9635,0
1153,1
8224,0
2666,1
7794,0
600,1
7474,1
1127,1
9714,0
2803,0
867,0
5149,1
5514,0
2406,0
341,0
5806,1
2986,1
2314,0
6003,1
3083,0
8531,1
3568,1
1178,0
6798,0
6418,0
496,1
8025,1
9160,0
3319,0
2398,0
5649,1
483,0
5780,1
275,0
8077,1
5410,0
973,0
4451,1
6150,0
7198,1
2238,0
8320,0
5718,1
3435,0
6305,1
8890,0
8478,0
3135,0
1185,1
8614,0
9224,1
1210,0
391,0
2409,1
4980,1
6220,0
3713,0
9719,1
4699,1
6,1
6837,1
4331,1
5443,1
5187,1
4637,1
3735,0
6776,0
2041,1
1644,0
8769,1
7644,0
3463,0
433,0
6406,0
987,0
4726,1
7503,1
3449,0
6433,1
6397,1
8603,1
7604,0
560,1
1736,0
1244,0
194,1
1406,0
1118,0
2532,0
5381,1
2801,0
4218,0
4991,0
5005,0
9066,1
7669,1
4180,0
6392,0
1786,0
8989,0
7228,0
8932,1
5555,1
766,1
6636,1
5075,1
367,0
4547,1
4973,0
2941,0
6216,0
7418,1
4477,1
9738,0
667,0
6476,0
7413,0
3282,1
7816,0
1450,0
8653,1
5234,0
4498,0
9321,0
8943,0
1218,0
8050,0
9037,0
6187,1
2413,1
5505,1
2634,1
3562,1
5030,0
6377,1
3998,1
9660,0
9168,0
8873,1
2245,1
205,0
4765,0
347,0
8796,0
8157,1
3942,1
4397,1
1193,1
9636,0
8123,1
6314,0
5828,1
2780,1
4679,1
4845,1
1589,1
1952,0
7115,0
8792,0
6330,0
6986,0
1246,0
9332,0
937,0
5476,0
1390,0
5852,1
1475,1
656,1
2692,1
5674,1
2966,1
9528,1
236,1
3264,1
9236,1
503,0
5022,0
5588,0
2847,0
6650,1
9698,1
7065,1
1381,1
4431,1
8657,1
2757,0
9733,1
4194,0
3967,1
2180,0
6800,0
5949,1
4177,1
5745,0
5848,1
5897,0
2759,0
2658,1
9448,1
2300,0
6608,1
4448,0
6098,0
5995,1
8567,1
1547,1
16,1
3270,1
1061,1
2814,1
1230,0
5864,1
4203,1
6642,1
3384,1
5592,0
2706,1
2370,0
1570,0
3718,1
4348,0
4615,0
6500,0
6926,1
2895,0
2942,1
8223,1
7956,0
2903,0
4239,0
5172,0
8146,0
872,1
4833,1
4278,0
438,1
6638,1
1809,1
1141,1
7271,1
5988,0
9754,0
5686,1
2924,1
8810,0
5817,0
1948,0
7599,1
9174,0
5758,1
7194,1
3808,1
2488,0
2467,1
5044,0
3815,0
3396,1
6510,0
1661,1
5803,0
3534,1
756,1
4543,1
2965,0
225,0
6159,1
6655,0
2959,0
9686,1
7840,0
1640,0
588,1
1133,1
8732,0
458,1
991,0
3437,0
8580,0
2503,1
5542,0
1859,1
8389,1
5876,1
5134,0
3196,1
7454,1
8679,1
9100,0
9570,1
1419,1
1867,1
7068,0
4405,1
2183,1
3028,1
1582,0
6930,1
3097,0
621,0
2876,1
3125,0
6694,1
6933,0
7740,0
1346,0
3939,0
3991,0
4471,1
5989,1
1354,0
637,0
4035,1
1564,0
7707,1
7949,1
8422,0
2901,0
8607,1
2506,0
7928,0
6948,0
1652,0
9394,0
4226,1
1938,0
1730,0
4233,0
1580,0
6860,0
6656,1
4537,1
8351,1
6069,1
1052,0
4049,1
8148,0
2740,1
6432,0
6817,1
2128,0
3223,0
796,1
5147,1
7235,1
8412,0
7021,1
9424,0
8251,1
9727,1
7705,1
8858,1
4421,1
1208,0
4267,1
1623,1
6477,1
6148,0
4670,0
3304,1
8654,0
5082,0
4804,0
8634,0
619,0
5640,0
5171,1
5537,1
3029,0
7050,1
307,0
935,0
4600,1
411,0
5927,0
7053,1
6017,1
6981,0
4775,1
5040,0
4616,1
717,0
3567,0
719,0
7368,0
6292,0
5428,0
9198,1
1777,1
6696,1
8692,0
5979,1
2489,1
2259,1
9844,0
8423,1
2749,0
3474,1
676,1
8145,1
6706,1
746,1
5432,0
6034,0
2168,0
1031,0
8744,0
86,1
9597,0
1682,0
2956,1
6755,0
3760,1
8849,0
5643,1
6973,1
1110,0
6662,1
3343,0
2421,1
1255,1
3,0
4435,1
7219,0
4329,1
5365,1
5361,1
4204,0
962,1
2935,0
4493,1
3364,1
2307,1
5567,1
4720,1
3960,1
5392,0
2457,1
1468,0
2700,1
8410,0
2579,1
830,1
9410,0
3220,1
3281,0
9678,0
7764,0
1304,0
1980,0
9680,1
8278,0
4717,1
7661,1
1869,1
260,1
2412,0
5136,0
1234,0
6524,0
9360,0
9127,0
3155,0
562,1
5434,0
1315,1
4825,1
8102,0
1286,0
4791,1
2507,1
1122,0
4914,0
9659,0
7116,1
612,1
3885,0
7722,0
2852,1
9297,0
6961,1
2401,1
6394,0
3086,1
763,0
3495,0
8111,1
5495,1
8192,0
5880,1
2308,0
9398,0
7095,0
8553,1
9275,0
8970,1
2822,1
4247,1
8747,1
4394,0
7290,0
9025,0
3564,1
7468,1
1382,0
5942,0
832,1
249,0
1120,0
7481,1
3852,1
6750,1
4322,0
6402,0
6016,0
6149,1
1549,1
8709,1
1700,0
4206,0
1762,0
7557,1
7293,1
3143,0
3739,0
1750,0
6178,0
7651,1
9468,1
7697,1
7959,1
7569,1
4886,0
5952,1
2831,0
8176,0
2220,0
7152,1
9048,1
1274,0
6438,0
5977,0
6909,0
8429,1
5863,0
6116,0
2019,1
8270,0
3649,0
8898,0
6323,1
9653,0
705,0
3833,0
2680,1
2423,1
3782,1
1510,0
8685,1
4316,0
7699,1
6873,1
6630,1
8587,1
7628,0
9238,1
5539,1
3687,0
9734,0
6888,0
2990,0
2840,1
4211,1
305,0
6493,1
9789,1
7536,0
2562,0
603,0
6229,1
7158,1
808,1
7583,1
126,1
6577,0
3610,1
7108,0
741,0
3337,0
8643,1
5128,0
5839,0
2387,1
4902,0
2495,1
7466,1
6173,1
4890,0
8479,1
7183,0
9817,0
6357,1
1686,0
5280,0
2046,0
7827,1
4897,1
5679,0
3393,0
7046,0
3912,1
9192,1
3120,1
2115,1
8871,1
470,1
4715,1
4963,0
8939,0
6960,0
5080,0
9036,1
9555,0
4030,0
1657,1
6155,1
1656,0
237,0
1135,1
8808,0
3353,0
1896,0
6366,0
9456,1
5655,1
8770,0
1513,1
9810,0
6096,0
8828,0
7736,0
6060,0
5964,0
2796,1
5227,1
3379,0
7314,0
8171,1
5420,0
4216,0
6952,0
2217,1
5617,1
6670,1
653,0
1556,0
8427,1
6736,1
692,1
6610,1
8952,1
2079,0
1111,1
3662,1
9323,0
4347,1
8635,1
1542,0
4966,1
6249,1
4447,1
3232,1
2541,1
689,0
2723,0
8367,1
9062,1
8711,1
3372,1
201,0
5765,0
628,1
4603,0
1177,1
4437,1
2015,1
1847,1
8623,1
7602,0
3860,1
2573,1
6552,0
4655,1
9591,0
310,1
1409,1
9346,0
7393,1
4229,0
4571,0
370,1
2237,1
3851,0
1258,0
4297,1
1089,1
2199,1
2654,1
1993,1
8860,0
8652,0
431,0
9358,0
5818,1
2429,1
7328,0
1207,1
3908,1
3892,1
3798,1
6217,1
2531,1
8024,0
3990,1
3875,0
4611,0
5688,1
8166,0
210,1
9822,0
6444,0
83,0
8226,0
9173,0
1222,0
5242,0
8627,1
6714,1
744,1
4970,1
5028,0
643,0
4627,0
8642,0
7864,1
5814,1
1494,0
2544,0
1679,1
8215,1
120,1
6289,1
3138,1
812,1
3837,0
8336,0
3907,0
5870,1
2718,1
6108,0
8032,0
4440,0
5955,1
8465,1
666,1
1397,1
9304,0
6350,0
5985,1
3539,0
1010,0
6101,1
9575,0
3651,0
1036,1
3956,1
8899,1
7958,0
5610,0
8618,0
3830,1
3681,0
8579,1
9045,0
8605,1
8960,1
2869,0
9229,0
2006,0
6724,1
7899,1
9625,0
2615,1
9628,0
2148,0
8003,1
8612,0
6806,0
22,1
1781,1
8697,1
1796,0
4325,1
1573,1
2099,0
355,0
8546,0
177,0
8892,0
3674,1
7327,1
574,1
7997,1
4043,1
3920,1
2511,1
2247,1
9337,0
4178,1
3934,1
8308,0
3451,0
5177,1
4175,1
5321,1
5877,0
7445,0
834,1
5329,1
7308,0
2807,0
9139,0
5596,0
8029,1
376,1
8140,0
7677,1
7666,0
9656,0
8339,1
9011,0
7940,0
7040,0
8180,0
3639,0
6875,1
3450,1
8151,1
3122,1
8816,0
936,1
9525,0
2994,0
9193,0
8062,0
2271,1
1223,1
2363,1
7305,1
5430,0
5379,1
2008,0
8988,1
5749,0
1591,1
6105,1
6279,1
7742,0
4073,0
5819,0
8357,1
5014,0
8467,1
1446,0
6541,1
1776,0
4818,0
5089,1
9125,0
9764,0
1933,1
5895,0
1683,1
9203,0
19,0
449,0
3915,0
8636,0
4684,0
1091,1
9180,0
9356,0
8675,1
5338,0
9341,0
894,1
314,1
3261,0
7268,0
4081,0
115,0
1077,1
2240,0
2955,0
7547,1
2276,0
5068,0
2258,0
5352,0
9696,1
4373,1
1793,1
213,0
8000,0
7611,1
4839,1
3924,1
6419,1
8257,1
2203,1
1536,0
6090,0
7242,0
1007,1
1144,0
1209,1
1449,1
1631,1
8217,1
7766,0
7728,0
5609,1
1723,1
322,1
4291,1
3894,1
3943,0
7789,1
8803,1
7643,1
4618,1
1761,1
9222,1
282,1
2294,0
6957,1
3047,0
1842,0
4941,0
7157,0
8904,0
1490,0
7214,1
7178,1
263,0
7575,1
5597,1
2262,0
4147,1
3950,1
7673,1
8957,0
968,1
1946,0
1966,0
2067,0
1463,1
6996,0
7871,0
2149,1
4523,1
646,1
2812,1
4183,1
1319,1
7495,1
8352,0
6131,1
4213,1
8053,1
3864,1
4199,1
5572,0
9316,0
8133,1
9210,1
7370,0
3903,0
2716,1
5119,1
8624,0
2753,0
4862,0
8038,0
94,1
2377,1
1410,0
9705,1
5677,0
7906,0
687,0
8430,0
9347,0
109,0
9134,1
8461,1
8298,0
6586,1
3608,1
9177,0
9664,0
1296,0
2023,1
3247,0
9723,1
8954,1
7241,1
8885,1
4425,1
3403,0
4815,1
9070,1
773,0
5244,0
1617,1
204,1
2848,1
3287,0
7605,1
105,0
9560,1
3069,0
4360,0
327,0
7061,1
7294,0
4128,0
1858,0
1387,1
1860,0
2898,1
8557,1
2198,0
1429,1
8997,0
8788,0
8334,0
4559,1
604,1
9519,0
5730,1
1500,0
8383,1
2649,0
9842,0
7381,1
4563,0
8254,0
2923,0
3753,0
2172,0
1588,0
3707,0
6251,1
3288,1
3745,0
5833,0
1016,0
7907,1
3050,1
5415,1
6558,0
7727,1
3457,0
6460,0
9819,0
4464,0
3101,0
1257,1
9117,0
7403,0
2189,1
2875,0
2782,1
7098,1
2228,0
9683,0
4677,1
2763,0
5192,0
9204,1
1908,0
5670,1
2527,1
4595,0
5302,0
1323,1
1200,0
7325,1
2951,0
3940,1
6814,0
7698,0
8405,1
7156,1
12,1
6393,1
2505,1
5441,1
363,0
871,0
7930,0
1245,1
5124,0
4268,0
4385,1
8153,1
35,0
2769,0
5053,1
3736,1
8855,0
9662,0
2236,0
9558,1
230,1
9242,1
4740,1
8170,0
4733,0
5270,0
1084,0
2604,0
2449,1
377,0
2896,1
9609,0
446,1
7012,0
6166,0
8971,0
525,0
5709,0
136,1
4487,1
7660,0
7128,1
1054,0
9231,0
2356,0
3352,1
3473,0
2062,1
1447,1
8474,0
9327,0
5932,1
2529,1
6234,0
4399,1
5382,0
8913,1
7709,1
4339,1
2453,1
4441,1
1394,0
5351,1
6119,1
7104,0
5521,1
6447,1
8101,1
504,1
4234,1
6272,0
7238,0
7648,0
9216,1
9348,0
2192,0
1488,0
5354,0
4693,1
4863,1
4942,1
5808,1
4051,1
8982,0
1853,1
580,1
2045,1
4813,1
3279,0
2750,1
3946,1
2526,0
3909,0
1701,1
5887,0
2383,1
9505,0
4305,1
5467,1
444,1
7353,1
2789,0
1151,1
295,0
4723,0
663,0
8473,1
725,0
8839,0
3971,0
819,0
6751,0
4026,0
5737,0
8746,0
6278,0
7758,0
1772,0
3545,0
9158,0
4141,1
606,1
9649,0
6502,0
3325,0
6156,0
3622,1
4981,0
2165,1
191,0
8869,1
9261,0
751,0
5148,0
9409,0
8475,1
6602,1
6549,1
5650,0
61,0
181,0
7543,1
3208,1
2470,0
6739,0
9387,0
460,1
1017,1
4574,1
1138,0
255,0
9818,0
5488,0
4201,1
3700,1
9063,0
6491,1
2290,0
914,1
5761,0
6162,0
5661,1
8689,1
3698,1
8056,0
1822,0
3780,1
2614,0
4350,0
7347,1
3961,0
1150,0
9042,1
8190,0
1898,0
4107,1
2689,0
288,1
1027,0
1195,1
9643,0
6900,0
3959,0
4125,1
1012,0
2039,1
1174,0
1545,1
1563,1
6050,0
8220,0
9517,0
3824,1
4402,0
6517,1
8733,1
8611,1
8538,0
2447,1
3041,0
3402,1
5565,1
5350,0
3770,1
3119,0
8924,1
3831,0
9457,0
2212,0
2576,0
7791,1
7,0
9601,0
8680,0
5462,0
4084,1
9752,0
6590,1
7121,0
5747,0
2357,1
9699,1
9679,0
5847,0
6088,0
4614,1
3276,1
8418,0
1773,1
2918,1
7833,1
4149,1
3804,1
9602,0
2873,0
7140,1
7819,1
4989,0
7326,0
6683,0
7348,0
9200,1
2642,1
1412,0
6285,1
1367,1
4249,1
2234,0
5599,1
5215,1
8542,0
8936,1
6053,1
2378,0
6021,1
4118,0
4299,1
1621,1
9790,0
4940,1
3479,0
2031,1
1753,1
9014,1
9296,0
5750,1
720,1
1216,0
4282,0
6652,0
1984,0
7777,1
6640,1
1535,1
5644,0
671,0
2142,0
1925,1
7096,1
6297,1
6851,1
6160,0
3601,0
1441,1
9274,0
3648,1
4352,0
220,1
4097,1
3819,0
313,0
9262,0
8071,1
175,0
8135,1
2091,0
7395,1
5671,0
7800,0
2641,0
9619,0
1248,0
8124,0
6191,1
3529,0
461,0
3861,0
2577,1
4472,0
1438,0
8882,0
169,0
4666,0
2446,0
517,0
1664,0
113,0
3598,1
7363,1
4939,1
6080,0
495,0
9772,0
9055,0
2928,1
3394,1
7233,1
8602,0
6339,1
8127,1
9047,0
7220,1
6666,1
1817,1
9496,1
6536,0
5137,1
6740,1
7404,1
7084,1
6052,0
4641,1
2482,0
8671,1
452,1
8762,0
1685,1
4508,0
1590,0
2293,1
1270,0
1057,1
2137,1
878,1
9516,1
7933,1
2098,1
822,1
5611,1
1098,0
3415,0
5673,0
660,1
1619,1
5348,0
1456,0
5830,1
3527,0
2798,1
8499,1
3528,1
8967,0
5685,0
3502,1
7936,0
7036,0
970,1
3626,1
1327,1
7038,0
942,1
5741,0
463,0
6041,1
9211,0
555,0
3802,1
4596,1
4896,0
7649,1
9227,0
3744,1
6836,0
7034,0
2280,0
6457,1
9484,1
9420,0
5970,1
4467,1
4645,1
1395,1
898,1
8731,1
3947,0
1215,1
4887,1
8715,1
6863,1
432,1
4417,1
4482,0
3778,1
2639,0
189,0
8341,1
7211,0
5397,1
5812,1
6087,1
7475,0
7456,1
2897,0
4095,1
9599,0
2215,1
5669,1
5261,1
3189,0
3917,0
9191,0
8983,0
5480,0
7641,1
9549,0
6097,1
9693,0
3308,1
8126,0
3825,0
3065,0
805,0
8986,1
4261,1
471,0
2118,0
8800,0
4490,0
4495,1
7992,0
254,1
7423,0
739,0
3370,1
1288,0
890,1
8564,0
1729,1
4048,0
4504,0
7879,1
8458,0
4009,0
8327,1
5651,1
6791,1
5104,0
9050,1
23,0
5705,0
6946,0
7476,1
9395,0
6238,0
5776,1
6153,1
7329,1
6387,1
3420,1
5314,0
2346,0
1088,0
2119,1
7945,1
5664,0
695,0
6785,1
5106,0
5954,0
8507,1
4659,1
4780,1
960,1
9235,0
5026,0
4319,1
8094,0
2598,0
733,0
8896,0
2982,0
8665,1
2933,0
2345,1
8484,0
8182,0
9239,0
8819,1
5519,1
879,0
6408,0
3607,0
3480,1
7386,0
4380,0
680,1
340,1
6356,0
4628,1
7279,1
7400,1
6822,0
4294,0
4071,0
3661,0
5648,0
1829,1
579,0
2510,0
2499,1
6081,1
1265,1
8074,0
9466,1
1972,0
4879,1
4646,0
1117,1
1398,0
3313,0
5414,0
9369,0
9,1
6011,1
8812,0
2497,1
9286,0
4032,0
4155,1
2336,0
8158,0
2207,1
2974,0
2385,1
5246,0
2315,1
77,0
833,0
6799,1
8034,0
7549,1
8188,0
9786,0
95,0
6287,1
5656,0
2043,1
4712,0
2154,0
7452,1
1886,0
3633,0
6078,0
8578,0
5805,0
7527,1
2777,0
2175,1
3820,1
9634,0
1976,0
6844,0
3082,1
8583,1
5837,0
8525,1
6286,0
3832,1
1996,0
8041,1
2060,1
7227,1
3749,0
467,0
211,0
1646,0
8240,0
2451,1
4664,0
3803,0
1827,1
2871,0
8687,1
2170,0
6133,1
123,0
7762,0
2178,0
494,1
4872,0
7202,1
7701,1
3482,1
5399,1
6032,0
1020,1
56,1
6533,1
6446,0
8702,0
9375,0
2771,0
8544,0
3413,0
2989,1
6830,0
9697,0
8726,0
1440,0
5738,1
6367,1
6940,1
3430,1
1726,0
3386,1
3937,0
6450,0
5373,1
293,0
3888,1
5288,0
6989,1
2483,1
1240,0
1805,1
3465,0
3764,1
7773,1
5657,1
399,0
5529,1
9695,0
1616,0
2996,0
8364,0
5577,1
1715,1
7952,0
2100,1
7320,0
2224,0
4623,0
6881,1
8817,1
4162,0
9535,0
7814,0
4895,1
1578,0
9278,0
3329,0
904,1
7622,0
7382,0
9497,0
3063,0
4971,0
6573,0
8843,0
482,1
5744,1
7803,1
8119,1
8313,1
6258,0
1632,0
2578,0
7278,0
145,0
4816,0
5475,1
3344,1
8065,1
6633,1
6869,1
8533,1
2676,1
6005,1
7141,0
1883,1
3467,0
9142,1
5638,0
4766,1
5433,1
5681,0
371,0
8987,0
7822,0
5034,0
726,1
2786,1
4657,1
2326,0
8161,1
2125,1
582,1
2145,1
9324,0
3573,0
1072,0
9345,0
5560,0
5292,0
5757,0
6072,0
1528,0
6887,1
9259,0
728,1
9474,1
3085,0
9019,0
7932,0
2135,1
8409,1
2335,1
4686,0
5660,0
9715,1
8205,1
9152,0
5917,0
9312,0
8322,0
4058,1
9849,1
3669,0
7790,0
1376,0
8929,0
3738,1
6717,0
5303,1
2394,0
2554,0
9175,0
2169,1
5662,0
2735,0
6792,0
8735,1
6645,1
2011,1
5461,1
2543,1
7942,0
8290,0
3070,1
5510,0
7236,0
9621,0
1416,0
4225,0
6752,1
4159,1
7482,0
9501,0
9189,0
755,0
3854,1
3177,0
701,0
5922,1
1183,1
2755,0
9131,0
6539,1
3987,1
9439,0
961,0
5957,0
9277,0
2791,0
634,1
7559,1
6100,0
6015,1
261,0
7182,1
7417,0
379,0
1283,1
3146,1
1140,0
3591,0
8114,0
9809,0
3259,0
6513,1
2441,1
6903,1
8781,1
5046,0
5820,1
893,0
532,1
900,1
3602,1
4094,0
3930,1
542,1
1264,0
2138,0
4773,0
4553,1
669,0
2870,1
2371,1
7010,0
5545,1
9626,0
8672,0
6379,1
1838,0
7846,0
523,0
2632,1
7402,1
8738,0
9831,0
3615,0
7843,1
1408,0
1103,1
5474,0
4746,1
7501,1
3645,0
4562,1
5451,1
3772,1
9166,0
8961,0
6580,1
129,0
264,1
1684,0
3376,1
8698,0
2420,0
3183,0
3117,0
4807,1
6195,1
1699,1
4927,1
8814,0
1340,0
5658,0
172,1
4190,0
9232,1
235,0
4388,0
7112,1
3711,0
6824,0
9040,1
8851,0
4004,1
7967,1
5996,0
4868,0
3040,1
1943,1
6967,0
9098,0
6897,1
1147,1
2433,1
2619,1
1633,1
8594,0
9767,1
5668,0
7022,0
8526,0
6046,0
8570,0
1197,1
7505,1
6082,0
6227,1
4597,0
1369,1
587,0
5639,1
6158,0
4256,0
6145,1
4959,0
2739,0
8777,1
7380,0
2872,1
5403,1
3921,0
5078,0
2827,0
9804,0
6225,1
402,1
3332,1
7126,1
6164,0
8399,1
8928,1
5218,0
7421,0
1194,0
4116,0
7706,0
8661,1
5769,0
4364,0
2714,1
6361,1
9338,0
6282,0
6140,0
2443,1
522,1
8448,0
2214,0
7968,0
6509,1
8268,0
7739,1
4877,1
9613,0
4074,1
7965,1
2583,1
4080,1
5532,0
7318,0
8360,0
3910,1
5366,0
4436,0
5901,0
8452,0
4302,0
9773,1
538,1
9270,0
6389,1
5909,0
9467,0
636,1
3267,0
7016,0
2310,0
1949,1
3088,1
2704,1
2958,1
615,0
101,0
2086,1
6874,0
9724,0
7434,1
9574,1
8261,1
2494,0
2595,1
3747,0
3471,0
8420,0
3989,1
8471,1
4426,0
4667,1
5910,1
7955,1
6420,0
7301,1
1615,1
3565,0
1698,0
6020,0
3767,0
80,1
9353,0
2239,1
9156,0
4143,1
2182,0
6990,0
3257,0
6223,1
9071,0
372,1
6686,1
1747,1
8177,1
4187,1
90,1
559,0
5087,1
2674,1
5540,0
6261,1
176,1
6235,1
174,1
7768,0
4189,1
3300,1
6035,1
4171,1
9444,1
1811,1
8168,0
1779,1
9426,0
3717,0
5412,0
526,1
1026,1
2435,1
5710,1
6671,0
5258,0
6591,0
7394,0
6273,1
7567,1
8150,0
2012,0
4449,1
1839,1
3456,1
3725,0
984,1
3684,1
5972,1
1655,1
1672,0
3148,1
8595,1
3084,1
2979,0
1958,0
3965,0
3597,0
2679,0
7174,1
2022,0
5672,1
9431,0
8141,1
9111,0
3145,0
4086,0
8749,1
888,1
8274,0
2033,1
3490,1
8820,0
9329,0
9586,0
144,1
8415,1
5936,1
8044,0
4810,0
8081,1
1961,1
9482,1
5305,1
70,1
5482,0
5099,1
2758,1
6998,0
9827,0
8021,1
6174,0
3004,0
5517,1
1062,0
199,0
5904,1
337,0
4731,0
2444,0
8606,0
7521,1
966,1
5846,1
6928,1
9837,0
8630,0
5071,1
2645,0
2961,0
5968,1
2785,0
8575,1
955,0
2637,0
7920,0
6663,0
4938,0
5637,1
8301,1
6376,0
242,1
8497,1
3503,0
9305,0
3377,0
1294,0
25,0
6515,1
112,1
3398,1
9053,0
5427,1
1724,0
9722,0
6485,1
4898,0
4082,1
1391,1
1436,0
4976,1
7607,1
9627,0
4016,0
7362,0
6059,1
2396,0
3007,1
9651,0
2027,1
6852,0
7331,1
1808,0
7252,0
9396,0
1521,1
633,0
6947,1
7269,1
2190,0
3098,1
9761,1
9320,0
2035,1
5566,0
6495,1
2775,0
8590,0
2970,1
1876,0
9850,0
3949,0
8695,1
8951,0
4844,0
8256,0
9105,0
4705,1
2992,0
5195,1
7199,0
5497,1
6840,0
3970,1
7377,1
2416,0
3114,1
4363,1
2783,0
375,0
8159,1
7811,1
1857,1
7934,0
8977,0
9537,0
6715,0
9479,0
2355,1
6242,0
9302,0
9391,0
4065,0
2422,0
1618,0
8854,1
8312,0
8959,0
3166,1
5150,0
3171,0
1665,1
8329,1
5220,0
9300,0
5123,1
2473,1
4831,1
2461,1
8098,0
2204,0
354,1
2197,1
9429,0
7941,1
60,1
8067,1
8610,0
5605,1
5551,1
4738,1
1295,1
2787,0
3876,1
5958,1
6168,0
9670,0
3118,1
5347,1
4669,1
7356,0
4242,1
4994,1
3305,0
4774,1
1105,1
654,1
9701,1
9565,0
1104,0
9765,1
6373,1
2428,0
241,0
6355,1
5915,0
7056,0
6241,1
6893,1
1003,0
3314,1
1427,1
1675,1
4749,0
2464,0
5210,0
5450,0
1279,1
3139,0
734,1
7032,0
6124,0
3914,1
6621,0
5494,0
3388,1
8229,1
5506,0
122,1
3643,0
4836,0
1645,1
1079,1
4909,1
9674,0
7662,0
8394,0
9388,1
4758,1
5953,1
203,0
4017,1
611,0
7288,0
7118,1
7915,1
6807,1
859,0
474,1
7853,1
8725,1
6025,1
2372,0
4420,0
7186,1
3821,0
5697,0
9188,1
876,1
6937,1
7179,0
6365,1
7824,0
1107,1
6423,1
421,0
4170,0
2949,0
9851,1
8941,0
5754,1
9616,0
7911,1
7446,1
6111,1
1267,1
6708,1
9450,1
8454,0
7834,0
5094,0
4573,0
7693,1
956,1
6902,0
2351,1
3569,0
6575,0
409,0
3923,0
3509,0
4068,1
5956,1
5562,0
4569,0
5444,0
2987,0
3147,0
330,1
3172,1
1457,1
9049,0
2021,1
7172,1
1595,1
1085,1
6850,0
7525,1
4253,1
5181,1
8225,1
9650,0
1622,0
1448,0
9562,1
2226,0
151,0
8859,0
925,0
5862,1
7678,0
8417,1
8708,0
1937,1
6659,0
9169,0
9079,0
6786,0
6055,1
6542,0
9707,1
4513,1
9471,0
5248,0
6761,1
8173,1
4835,1
3926,1
4709,1
6044,0
6757,1
1709,1
5472,0
6771,1
6728,1
9031,0
7266,0
6443,1
7973,1
5271,1
6735,0
2623,1
4272,0
7463,0
3303,0
8152,0
4156,0
7134,1
2410,0
3704,1
6136,0
3491,0
9094,0
7979,1
9366,0
7685,1
8512,0
6646,0
8905,1
9717,1
8363,1
4465,1
7251,1
9064,1
4604,1
6832,0
8930,1
7317,1
412,1
385,0
964,1
3954,1
8255,1
1985,1
516,1
6891,1
7746,0
9032,1
9368,0
895,0
4046,0
5405,1
6802,0
3775,0
8558,0
4586,1
3054,1
7039,1
5635,1
4572,1
423,0
4172,0
990,1
8840,1
5665,1
301,0
5189,1
5223,1
787,0
7663,1
7918,0
67,0
6325,1
3452,1
3768,1
4601,0
3015,0
3310,1
1991,1
6574,1
6743,0
7887,1
6971,1
3105,0
5634,0
678,1
2738,1
3203,0
8416,0
2981,1
3593,0
3635,0
1173,1
5383,1
6816,0
5832,1
3533,0
2298,0
7540,0
655,0
8914,0
1272,0
6120,0
3641,0
5384,0
9060,1
3441,0
3786,1
7909,1
4210,0
877,0
2141,1
6280,0
4969,0
4453,1
8464,0
4843,1
6823,1
7455,0
9798,0
9536,1
4624,1
1866,0
7793,1
8651,1
3919,0
8804,0
688,1
4132,0
9796,0
5454,0
3058,1
1727,1
8554,0
9308,0
6246,0
742,1
6184,0
6583,0
5941,1
3526,1
8276,0
3531,0
2748,1
7835,1
3210,1
5021,1
5707,0
2528,0
8143,1
5308,0
6313,1
7129,0
6713,0
8737,1
4438,0
5219,1
9161,0
8018,0
3236,1
3992,1
7780,0
2030,0
8221,1
693,0
450,1
6983,1
5798,1
4761,0
8203,1
2725,0
4383,1
5291,1
6615,0
8573,1
591,0
3952,1
1415,1
908,1
7682,0
7216,1
3781,0
1171,1
1892,0
2455,1
4200,0
3423,0
8734,0
1692,0
4488,0
5794,1
8005,1
1308,0
5029,1
2540,0
7472,1
5559,1
8757,1
160,1
7820,0
1166,0
2358,0
4015,1
1444,0
1529,1
6489,1
8201,1
3640,1
2857,0
7350,0
8806,0
626,1
9246,1
2321,1
2954,1
3051,0
4548,0
4124,0
1318,0
8302,0
5531,1
8378,0
6767,1
8353,1
6695,0
2570,0
4814,0
47,0
7146,1
1928,0
247,0
993,0
3712,1
5126,0
3993,1
1411,1
614,1
6311,1
8178,0
6295,1
9760,0
5250,0
8154,0
2496,0
8990,1
2097,0
3151,0
5306,0
4374,0
1719,1
4697,1
492,1
7884,0
4651,1
1217,1
7163,0
2669,0
5490,0
9288,0
6378,0
8833,0
3115,0
8949,0
3103,0
5039,1
491,0
7664,0
7686,0
4560,0
1393,1
841,0
3222,1
7828,0
2450,0
6499,1
3716,1
7966,0
7226,0
9144,1
2626,1
1005,0
441,0
5393,1
845,0
4788,1
9436,0
5182,0
9763,1
8836,1
2312,0
7562,0
4070,1
2195,1
6045,1
2252,0
5025,1
6283,1
1696,0
594,1
536,1
4935,1
558,1
5281,1
4842,0
7113,1
2745,0
6530,0
3660,1
3049,0
864,1
9846,0
4137,1
4777,1
2999,1
3634,1
7872,1
3002,0
1253,1
9285,0
4727,0
1552,0
4735,0
5853,0
2978,0
924,1
8582,0
6348,0
7614,0
7043,1
8144,0
3743,0
3653,0
4638,0
6689,0
3948,1
1953,1
4237,0
8972,1
6459,1
9661,0
2574,0
9104,0
9469,0
4246,1
2631,0
7015,1
2944,1
7229,1
382,1
8799,1
3013,0
1630,0
5300,0
2530,0
2088,1
2652,1
7842,0
1712,0
9069,0
623,0
5206,0
7881,1
5824,1
958,1
4092,0
9187,0
7274,0
4387,1
3091,0
831,0
3124,1
1211,1
4359,1
3225,0
9141,0
865,0
5509,1
7427,0
3570,1
1249,1
5774,1
7315,1
9361,0
1873,1
7230,0
9771,1
3374,1
3110,1
3690,1
9007,0
2251,1
5827,0
810,1
6878,0
6215,1
6649,0
7410,1
9668,0
595,0
5111,1
6673,0
7337,1
1241,1
3554,1
9015,0
9124,0
6794,0
569,0
8022,0
8331,1
2131,1
6193,1
8432,0
5400,0
6793,1
5534,0
4794,0
1113,1
5563,1
2566,0
5903,0
5552,0
9712,0
7465,0
1745,1
369,0
7647,1
6653,1
34,1
2256,0
4,1
9339,0
5700,1
4846,0
1605,1
378,1
7011,1
1189,1
5715,0
811,0
528,1
3365,0
6962,0
3209,0
6756,1
5289,1
6734,1
5810,1
5533,1
7335,1
1380,0
5163,1
6898,0
5544,0
1864,0
9546,1
4262,0
8893,1
1467,1
2899,0
4555,1
214,1
9106,0
5254,0
5579,1
6228,0
909,0
8903,1
7089,1
4303,1
3243,0
7985,1
6127,1
351,0
5066,0
5574,0
41,0
2344,0
9548,1
3548,1
6163,1
3250,1
335,0
2659,0
5940,1
5457,1
1517,1
2742,1
6351,1
2644,1
3213,0
4869,1
8693,1
9129,0
1357,1
142,1
9123,0
4252,0
6386,0
7519,1
1298,0
3670,1
1569,1
8529,1
3589,0
3814,1
5881,0
2040,0
9478,1
164,1
4525,1
9090,0
3646,1
2492,0
499,0
765,0
7761,1
4485,1
9526,1
8619,1
3174,1
3005,1
6657,0
6698,1
8326,0
68,1
6028,0
4198,0
4759,0
7412,1
481,0
3150,1
4286,0
2303,1
5704,1
9454,1
9001,0
8259,1
9020,1
2832,1
4158,0
2013,1
405,0
9024,1
306,1
3346,1
8547,1
4376,0
2501,1
2328,0
3995,1
825,0
8402,0
5164,0
7247,1
4800,0
153,0
2081,0
4922,0
1951,1
3714,1
7865,1
9792,0
6772,0
2109,1
7655,1
4129,1
3481,0
3470,1
8879,1
6674,1
8876,0
9385,0
5072,0
5145,1
7916,0
8926,1
2746,1
1722,0
3994,0
718,1
6775,1
2156,0
1263,1
6449,1
2205,1
5883,0
185,0
9506,1
694,1
6618,1
1929,1
8784,0
4769,0
422,1
5838,1
4045,1
8023,1
2004,0
5641,1
2820,1
3800,1
7981,1
7723,1
7585,1
277,0
8771,1
9690,1
7306,0
4866,0
8677,1
4622,1
223,0
2146,0
7169,0
3391,0
3309,0
2756,1
1259,1
7319,1
17,0
6534,0
7763,1
2612,0
9126,0
1525,1
2388,0
7013,1
2919,0
8700,0
1190,0
4992,1
674,1
1704,0
2894,1
7303,1
9794,0
5590,0
2126,0
7691,1
1717,1
5060,0
2452,0
5690,1
7998,0
6732,1
5836,1
5196,0
9840,0
3904,1
2517,1
5693,0
150,1
8918,0
7923,1
8540,0
8156,0
6435,1
8823,1
6291,1
7111,1
5120,0
6853,1
273,0
3842,1
8584,0
7101,1
5708,1
2167,1
5356,0
8324,0
4491,1
4038,0
3187,0
3368,1
1995,1
3587,0
2707,0
4533,1
598,1
7341,1
6014,0
7069,1
3863,0
2594,0
8684,0
7897,1
1134,0
2731,0
3242,1
2539,1
3331,0
7752,0
5919,0
3253,0
3497,0
2047,1
5991,1
8010,0
6553,1
4250,0
3366,1
9748,0
2983,1
8347,1
3184,1
3215,0
9812,0
1040,0
7192,1
8213,1
1224,0
8793,1
967,0
3159,0
9016,1
456,1
8850,1
4745,0
1909,1
6808,0
7092,0
7782,0
6271,1
5363,1
6259,1
5465,1
2701,0
5011,1
2673,0
5971,0
4292,0
1748,0
7538,0
9443,0
4806,0
6804,0
7876,1
7589,1
5796,1
4742,1
7948,0
5618,0
54,1
6340,0
5594,0
6497,1
9540,1
5214,0
5437,1
5499,1
6594,1
4008,1
8996,1
4874,0
6907,0
4422,0
6532,0
228,1
8210,0
9219,0
4673,1
1338,0
971,0
8317,1
3706,1
5213,1
886,1
7282,0
2418,0
3584,1
618,1
9205,0
6965,0
7659,1
2216,0
4557,1
6557,1
7804,0
1432,0
6462,0
103,0
5070,0
527,0
7132,1
6236,0
8927,0
8729,1
1114,0
4067,0
3976,0
1018,0
1420,0
4891,1
3506,1
4001,1
5943,1
9382,1
1831,1
9476,1
7138,1
2257,1
5267,1
4979,0
1765,1
9588,0
2936,1
7775,1
918,1
8016,0
8392,0
5095,1
9462,1
4152,0
8865,1
6267,1
2419,1
1212,0
6471,1
2456,0
8853,0
9778,0
3371,0
8676,0
3846,1
85,0
3221,0
9207,0
8428,0
3757,0
6512,0
1300,0
2863,0
1229,1
7860,0
9110,0
9184,0
8008,0
4824,0
1721,1
1221,1
152,1
670,1
2661,0
5678,1
7005,1
9442,0
4320,0
921,0
2048,0
8560,0
4558,0
4757,0
8080,0
7862,0
8978,0
8068,0
901,0
455,0
1132,0
8565,1
6490,0
3161,0
6762,0
1163,1
79,0
5243,1
5687,0
2606,0
8742,0
2977,1
140,1
3870,1
6248,0
7283,1
9542,1
589,0
7984,0
6281,1
7894,0
9272,0
5067,1
5695,0
4052,1
7676,0
5200,0
5518,0
4964,1
3404,1
4522,0
4220,0
836,1
6264,0
4010,1
9788,0
9128,0
6779,1
3023,0
4999,0
9702,0
7690,0
8616,0
3962,1
8722,0
6789,1
1188,0
9218,1
6923,1
3455,0
497,0
4205,1
5408,0
6782,0
4033,1
3579,0
820,1
9768,0
899,0
4404,0
6002,0
5728,1
5225,1
9335,0
6678,1
5202,0
8779,1
8670,0
2316,0
7976,0
3558,1
5841,0
5117,1
5624,0
4865,1
4681,1
1250,0
4345,1
192,1
7080,0
8917,1
3126,1
3199,0
5343,1
650,1
9244,1
5918,1
2744,1
2386,0
8563,1
1720,0
4762,1
2535,1
4849,1
8046,0
5268,0
4181,1
824,1
3158,1
9267,0
2630,1
7240,0
1671,1
6018,0
4163,1
3752,1
8333,1
7597,1
4470,0
1330,0
5541,1
9059,0
5771,0
8519,1
9740,0
4338,0
469,0
1912,0
7002,0
7747,1
4608,1
4716,0
5767,0
5842,1
7888,0
1888,0
6543,1
947,0
303,0
3751,0
722,1
2521,1
675,0
2116,0
5357,1
6171,1
3307,0
1360,0
7626,0
5228,0
8886,0
6935,0
6308,0
7284,0
7554,0
5926,1
9034,0
3499,0
6968,1
1433,1
9834,0
9279,0
3464,1
6396,0
46,1
1328,0
8935,0
1555,1
5626,0
7778,0
6675,0
5417,1
161,0
55,0
5286,0
953,0
4462,0
8514,0
7769,1
3663,0
9676,0
5986,0
9500,0
3887,0
1550,0
3079,0
2766,1
8604,0
545,0
7978,0
6759,1
2010,0
6631,1
3335,0
2816,1
31,0
5892,1
5174,0
4126,0
6560,1
8841,0
1377,1
3106,1
6977,0
6114,0
9775,1
1625,1
300,1
1597,1
3191,0
2474,0
299,0
3957,0
8181,1
1714,0
8773,1
8752,0
7767,1
3021,0
4311,1
2230,0
1852,0
5141,1
3941,0
3405,0
7658,0
8069,1
2943,0
5923,0
1159,1
9838,0
1649,1
1647,1
6255,1
3650,1
428,1
8348,0
7123,0
3195,0
3576,1
4546,0
5884,1
8191,1
8222,0
7201,0
1350,0
8186,0
7097,0
6528,0
3408,1
111,0
2026,0
8877,1
6603,0
1269,1
7085,1
5341,1
7316,0
1344,0
716,1
2886,1
418,1
5249,1
3666,1
9611,0
5183,1
3000,0
8359,1
2437,1
8058,0
6883,1
1534,0
5516,0
2699,0
1236,0
6434,0
4093,1
1462,0
5059,1
274,1
7596,0
8396,0
4916,0
1324,0
5496,0
357,0
7142,1
8134,0
5109,1
6177,1
333,0
9735,1
5279,1
2650,1
7994,0
8228,0
7610,0
6411,1
6092,0
9255,0
9494,1
2662,1
4524,0
1935,1
2829,0
3001,1
6334,0
7047,1
1824,0
9004,1
1453,1
7919,1
6470,0
2044,0
6429,1
6991,1
510,1
4258,0
7263,1
6704,1
681,0
171,0
1405,1
7023,1
1737,1
6412,0
1854,0
6480,0
9182,0
348,1
4478,0
73,0
8766,0
427,0
4954,1
2177,1
3411,0
2621,1
7390,0
8300,0
2736,1
7262,0
8072,0
4580,1
9408,0
3530,1
6038,0
5132,0
3693,0
8694,0
3112,1
941,0
3840,1
389,0
6414,0
9747,0
221,0
5740,1
5222,0
5800,1
442,1
5676,1
3618,1
5966,1
8710,0
6876,0
2813,0
7850,0
544,1
7295,1
4589,0
6827,1
8048,0
4463,1
3795,0
58,1
8549,1
5548,0
3383,0
5503,1
262,1
8639,1
8246,0
9378,1
212,1
125,0
7679,1
7962,0
7483,1
4617,0
9208,1
3897,0
8398,0
4317,1
6146,0
9397,0
167,0
7088,0
6290,0
672,1
2720,1
3327,0
3053,0
4335,1
10,1
9033,0
362,1
4315,1
9377,0
291,0
4358,0
7054,0
6842,0
3644,1
2075,0
4333,1
6628,1
4002,1
3444,1
5580,0
4474,0
2969,0
9023,0
4744,1
2249,1
3339,0
4013,0
1503,1
870,1
1379,1
7548,0
6483,1
8354,0
5262,0
7041,1
4903,1
4150,0
117,0
5933,0
1388,0
1334,0
3363,0
2283,1
6699,0
1846,0
2054,1
8933,0
1520,0
51,0
472,1
7453,0
7296,0
3064,1
6882,0
2107,1
8403,1
9725,1
6403,1
8592,0
9138,1
782,1
1231,1
1273,1
6506,0
8641,1
8824,0
3719,0
8107,1
2324,0
9732,0
7927,1
1856,0
8786,0
9493,0
6572,1
5629,1
1145,1
3044,1
7953,1
883,0
6768,0
9155,0
2729,0
7564,0
2660,1
8621,1
6190,0
5735,0
817,0
6138,0
3073,0
7753,1
3356,1
776,1
3446,1
635,0
3794,1
2681,0
5419,1
5339,1
6979,0
4454,0
3445,0
8163,1
2590,0
5333,1
9508,1
4442,0
1903,1
8328,0
1299,1
5987,1
9721,1
2244,0
3153,0
2397,1
7256,0
1407,1
7729,1
3682,1
4925,1
8231,1
286,1
2042,0
7944,0
8615,1
9821,0
7007,1
1841,1
6475,1
6294,0
4346,0
5315,1
3944,1
9758,0
4195,1
8650,0
9052,1
4486,0
1065,1
3487,0
6934,1
1509,1
753,0
7066,0
8269,1
8040,0
1693,1
5500,0
5703,0
7439,0
6312,0
5777,0
5091,1
2051,0
227,0
2788,1
3173,0
7528,0
8345,1
5340,0
338,1
9718,0
3278,1
6371,1
8014,0
7964,0
315,0
5498,0
6064,0
6627,0
3434,1
383,0
1261,1
1594,0
3891,0
4279,1
4875,1
815,0
4382,0
7904,0
857,0
5093,1
6382,0
9056,1
3500,1
2127,1
6993,1
852,1
3765,0
4674,0
9230,1
219,0
4036,0
1963,1
4306,0
2353,1
9617,0
8172,0
6152,0
8260,0
3550,1
3025,0
6818,0
769,0
5019,1
5792,1
9728,0
8314,0
1703,1
329,0
5570,0
6744,1
2458,0
8756,0
8472,0
2368,0
287,0
2508,0
7771,1
7710,0
4511,1
3202,1
1473,1
5001,0
9507,0
3328,1
1922,0
5896,1
9310,0
7509,1
7892,0
5402,0
6247,1
7212,1
6939,1
5982,0
7225,1
1881,1
5906,1
507,0
1973,1
7688,0
8291,1
5185,1
8125,1
7578,0
8947,0
5625,1
2647,0
9041,0
2975,1
7451,0
6579,0
727,0
9116,0
5652,0
6437,1
3575,0
5829,0
585,0
1496,0
5875,0
6845,1
2874,1
4439,1
9092,0
6826,0
2038,0
2624,1
8556,0
8209,1
6452,0
8774,0
3953,0
1894,0
1139,1
4568,1
3792,1
8443,1
6142,0
5198,0
5065,1
7029,1
3087,0
7993,1
345,0
7166,1
5613,1
368,1
732,1
3068,1
84,1
2915,0
4102,0
6637,0
9342,0
3055,0
1044,0
1930,0
2694,1
8861,1
9432,1
5582,0
6592,1
9029,0
5391,1
9744,0
5209,1
1944,0
6036,0
5199,1
7107,1
1474,0
7917,1
5455,1
3424,1
9290,0
1179,1
837,0
4497,1
429,0
198,1
6058,0
7246,0
736,1
8600,0
9350,0
1901,1
9306,0
7788,0
7006,0
2032,0
3632,1
2070,1
5721,0
5960,1
9113,0
4254,0
7184,1
4269,1
5426,0
2332,0
2362,0
9746,0
443,0
1322,0
5197,1
6479,1
4336,0
5345,1
9593,0
9407,0
3067,0
4238,1
4893,1
4512,0
5337,1
910,1
4174,0
1060,0
5595,1
4722,1
6047,1
7221,0
809,0
7841,1
949,0
800,1
8413,1
8267,1
218,1
4919,1
1129,1
2921,0
7195,0
8311,1
8185,1
224,1
5807,0
4076,1
3078,1
665,0
21,0
2077,0
4151,1
434,1
9376,0
2957,0
3784,1
9132,1
6439,1
9647,0
3090,1
6455,1
8555,1
3873,0
6128,0
127,0
7839,1
3791,0
9473,0
4270,0
1443,1
6204,0
6106,0
3834,1
2687,0
5252,0
4371,1
645,0
818,1
6564,1
3130,1
7351,1
1610,0
5324,0
3425,0
5157,1
7249,1
3985,0
9641,0
8039,1
546,1
1537,1
1225,1
137,0
6941,1
7120,1
9460,1
6964,1
7073,1
2841,0
381,0
9178,0
5485,1
2061,0
7009,1
2950,1
5984,0
1058,0
8981,0
5524,0
1251,1
6024,0
2643,0
5784,1
3289,0
4590,1
5536,0
8377,1
2493,1
4428,0
417,0
4675,1
1124,0
5999,1
2171,1
8372,0
7447,0
4196,0
2657,0
9541,0
9276,0
7845,1
7535,1
2123,1
7102,0
6265,1
4062,1
6581,0
7250,0
42,1
7624,0
2101,0
5993,1
6113,1
7270,0
197,0
8666,0
9118,0
856,1
3060,1
3014,1
571,0
9213,0
3522,1
5937,0
2922,1
1743,1
3493,0
5346,0
1755,1
7513,1
9709,1
8015,1
8813,1
2800,1
9257,0
380,1
9202,1
4725,0
5318,0
8440,0
2,1
5386,0
7621,1
190,1
5012,0
885,0
5453,1
4986,1
2232,0
816,1
3429,0
8660,0
799,0
3630,1
2050,1
8963,0
5186,0
7460,1
1628,0
7792,0
530,1
7292,0
7354,0
2024,0
3692,1
6089,1
8772,0
148,1
6593,0
7357,1
6563,0
8528,0
9655,0
2834,1
4223,0
1572,0
8052,0
7075,0
6544,0
1068,0
8007,1
7836,0
9571,0
8976,1
6511,1
6165,1
520,1
7565,1
8425,1
9547,0
3218,1
2084,1
1214,0
3190,1
5445,1
853,0
9072,1
2317,1
1100,0
2931,0
813,0
8946,1
4381,1
8523,1
7813,1
119,0
8991,0
2589,1
6161,1
5528,0
1402,0
2760,1
3168,1
7312,0
1830,0
762,1
7273,1
4179,1
8500,0
7367,1
3244,1
6347,1
5471,1
4588,1
9552,1
8785,1
4298,0
2586,0
3347,0
1916,0
5257,1
3733,0
6048,0
6456,0
2359,1
1749,1
6474,0
3109,0
3536,1
9314,0
9762,0
8189,1
583,0
2627,0
2821,0
5602,0
531,0
2784,1
2695,0
5702,1
9005,0
4519,1
9416,0
2702,1
1769,1
5868,1
7425,0
3726,1
6147,1
7399,1
1032,0
320,1
6949,1
9293,0
6065,1
5768,1
5908,1
373,0
253,0
4798,0
2548,0
1515,1
3206,1
8100,0
4851,1
2719,0
5322,0
593,0
6077,1
7366,0
5409,1
7001,1
7683,1
9498,0
4783,0
1884,0
3918,1
6774,0
5085,1
5799,0
7058,0
5930,1
1780,0
9704,0
1915,1
8950,1
2475,1
3637,0
8916,0
5632,0
2260,0
1037,0
396,1
4020,0
9567,0
1627,1
7938,0
5861,0
5866,1
5042,0
5511,1
1143,1
6988,0
537,0
4415,1
8782,0
8097,1
7730,0
4764,1
8490,0
5553,1
4222,1
1093,1
4232,1
3469,0
3900,1
4100,0
9631,0
6503,1
8208,0
1862,0
554,1
4931,1
6057,1
3295,0
8509,1
1383,1
3311,0
7464,1
9720,0
2078,1
7737,1
9524,1
3389,0
6196,0
6758,0
7277,1
4078,1
8690,0
1932,0
480,1
2144,0
353,0
297,0
4530,0
3020,1
4951,0
240,1
484,1
1309,1
2405,1
3668,1
7375,1
8001,1
1716,0
9716,0
7902,0
3152,1
7197,0
1968,0
7237,1
4416,0
9012,1
6985,1
9486,1
8940,1
1371,1
8265,1
3968,1
2122,0
7307,1
9777,1
2916,1
328,1
913,0
1170,0
6936,1
714,1
8775,1
9624,0
9779,1
6538,0
352,1
7874,1
5782,1
6899,1
7440,1
6521,1
9480,1
8469,1
1048,0
1742,0
505,0
8969,0
2556,0
2638,1
1235,1
2648,1
4908,0
6237,1
7203,0
1064,0
4576,1
5151,1
9654,0
8883,1
4506,0
903,0
5478,0
7500,0
6554,0
4930,0
8252,0
178,1
6725,0
2200,0
7406,1
4090,0
8780,0
2856,1
6545,1
9675,0
3580,1
1428,0
7674,0
977,0
1373,1
489,0
9580,1
3269,0
7106,0
7868,1
3982,1
4263,1
3659,0
134,1
1275,1
3997,0
3826,1
2255,1
5293,1
1426,0
7478,0
3535,0
6829,1
9757,1
8891,1
5390,0
3540,1
1821,1
2382,0
4719,0
7653,1
4613,0
1526,0
5547,1
5023,1
963,0
1434,0
124,1
8826,0
3898,1
761,0
9298,0
9000,1
4917,1
1404,0
5682,1
8566,0
9265,0
8945,0
6243,1
2074,1
5349,1
1815,1
4208,0
2096,1
8419,1
229,0
9534,1
4892,0
724,1
1149,1
982,1
9711,1
6995,1
5523,1
6067,1
7436,1
6905,1
7912,0
180,1
5549,1
4750,1
8238,0
9652,0
5739,0
5646,0
5550,0
4077,0
403,0
436,1
5456,0
711,0
6417,1
8541,1
4565,0
1356,0
1544,0
4607,0
3882,1
3238,1
8275,1
5675,0
640,1
3211,0
8832,1
8441,1
4310,0
2893,0
785,0
7996,0
7937,1
2391,1
4160,0
6211,1
2270,0
3935,0
1498,0
2568,0
2285,1
9233,0
1198,0
93,0
5766,1
3038,1
6023,1
9402,0
30,1
6352,0
8508,0
9026,1
4911,1
3336,1
1832,0
4945,0
5860,1
5856,1
3583,0
4647,1
8719,1
7026,0
1982,0
1669,1
5368,0
9803,0
5731,0
6260,0
6815,1
5882,1
6006,0
5452,0
8714,0
850,1
5048,0
9043,0
5317,1
9299,0
5722,1
1609,1
4789,0
32,1
7861,1
7696,0
8760,0
4695,1
1501,1
2305,1
743,0
6448,0
840,1
6634,1
8925,0
1403,1
978,1
5369,1
26,1
6349,1
5269,1
1863,1
6825,1
3416,1
6809,1
7633,1
2565,1
8923,0
1213,1
7694,0
2337,1
2973,0
395,0
6326,0
4146,0
168,1
3746,1
2404,0
7479,1
8096,0
6300,0
1242,0
5614,0
1422,0
8103,1
6094,0
7713,1
448,1
6783,1
4098,0
4053,0
3884,1
771,0
7244,0
1713,1
4429,1
1266,0
15,0
3705,0
138,1
8045,1
8910,0
410,1
279,0
1277,1
9681,0
7725,1
8920,1
2296,0
8356,0
1196,0
9082,1
9666,0
8909,1
5058,0
359,0
5508,0
4658,0
5557,1
6672,1
3586,1
2073,0
9383,0
1599,1
2242,0
2730,1
1659,1
6886,0
239,0
607,0
4236,1
9510,1
7346,0
4799,1
1871,1
6676,1
7207,0
2108,1
5083,1
748,1
3538,1
1895,1
244,1
3369,0
7297,1
4318,0
7258,0
9472,1
5844,1
4483,1
6613,0
9046,1
2900,1
4353,1
7703,1
5265,1
6409,1
8998,1
5483,1
1731,1
7982,0
1641,1
7105,1
4384,0
8974,1
9084,1
9112,0
6467,1
1492,0
1819,1
7889,1
182,1
3031,0
6781,1
8211,1
7442,1
5331,1
3766,1
4105,1
3577,0
8805,1
1689,1
934,1
8571,1
873,0
9322,0
3740,1
1575,1
424,1
4987,0
4167,1
5020,0
7428,1
3551,0
4861,1
8577,1
5378,0
8778,0
3694,1
208,1
4184,0
8388,0
6051,1
7487,1
5998,0
6214,0
7310,0
4878,0
7030,0
6436,0
3033,0
8536,0
143,0
9592,0
1423,1
2454,0
1336,0
7122,1
8310,0
9826,0
6226,0
7145,0
9730,0
3436,1
2849,0
2479,1
3600,1
8084,0
6867,1
3951,0
1364,0
3475,0
3672,1
7883,1
8894,0
6959,1
5054,0
9836,0
1008,0
2250,0
2552,0
1278,0
7516,0
3246,1
4900,0
2678,1
8004,0
9372,0
5105,1
2988,1
4755,0
2665,0
5851,0
5004,1
6407,1
9172,0
98,1
4342,0
2367,1
6778,0
8588,0
7972,0
1969,1
3488,1
9315,0
4883,1
222,1
6617,0
7867,1
2209,1
8532,0
839,0
5994,0
290,1
8087,1
1601,1
4408,0
6523,1
3519,0
3518,1
9483,0
6139,1
3354,1
9403,0
5849,0
2229,1
415,0
6980,1
4713,1
4231,0
2513,1
3385,0
9839,0
9582,1
4461,1
2365,1
7882,0
980,1
2584,0
9437,0
9518,1
2354,0
5388,0
7191,0
920,1
6866,0
7637,1
165,0
9109,0
8164,0
7176,1
9833,0
4109,1
3175,0
7893,1
6363,1
5733,0
272,1
4393,1
7143,0
7751,1
397,0
1359,1
7960,0
6198,0
515,0
3928,1
2572,0
6727,0
2325,1
6576,1
4921,1
5564,0
1276,0
2415,1
2728,1
3422,1
747,0
5041,1
9281,0
7524,0
7980,0
3468,1
1804,0
4230,1
6329,1
7376,0
89,0
9427,0
2850,1
5786,1
4022,0
6623,0
1154,0
5698,1
7738,0
7420,1
7324,0
1399,1
6661,0
1557,1
5712,1
7922,0
3039,0
9145,0
1059,1
9157,0
8659,1
4313,1
6186,0
92,1
6731,0
5401,1
1790,0
502,1
9509,0
2263,1
8057,1
9434,0
8723,1
5756,1
3102,1
53,0
4968,1
5301,1
814,1
3164,1
7770,0
700,1
11,0
1504,0
1337,1
8477,1
3418,1
2881,0
4243,0
493,0
6605,0
4820,0
7057,1
2828,1
6416,0
5092,0
2809,0
1759,1
3237,0
5502,0
4248,0
231,0
5335,1
3381,0
8099,1
5568,0
1126,0
1735,1
1592,0
8036,0
5965,1
1648,0
1303,1
3809,0
9820,0
8511,1
7537,1
6764,0
4516,0
9632,0
8362,0
673,0
2342,0
7650,0
3330,1
7553,1
6992,0
5603,1
7027,1
317,0
4061,0
8272,0
8196,0
8070,0
7900,0
6790,0
6892,0
2613,1
5260,0
157,0
3074,1
1947,1
6203,1
4535,1
7542,0
3877,0
9268,0
2761,0
6288,0
8721,1
3212,1
4598,1
4459,1
4281,1
8434,0
5448,0
1025,0
9737,1
4123,1
1604,0
159,0
9646,0
1112,0
3127,0
3071,0
4476,0
6612,1
9828,0
4430,0
2231,1
6107,1
4965,0
4946,1
6788,0
8073,1
4531,1
1954,0
9167,0
1271,1
9271,0
3123,0
6324,0
478,1
789,0
294,1
891,0
2703,0
2498,0
4787,0
6620,1
9566,1
43,1
6345,1
9811,0
5283,1
8753,1
8386,0
1310,0
7051,0
4354,0
9044,1
6083,1
6529,1
3848,1
9530,1
1480,0
1771,1
778,1
9554,1
8870,0
5734,1
102,1
7060,0
4910,0
3277,0
6567,0
3512,1
1262,0
8589,1
1643,1
8401,1
196,1
887,0
5621,1
5713,0
7177,0
2064,1
662,1
6665,0
2278,0
3439,0
2114,0
5928,1
1855,1
3077,0
2773,0
802,1
3022,1
3361,0
7615,1
8825,1
8681,1
3507,0
4593,0
605,0
4400,0
2640,1
551,0
1180,0
7802,0
7556,0
6526,0
1372,0
1030,1
3696,1
1923,1
5190,0
9543,0
3906,1
3193,0
5716,1
8866,0
3823,0
2241,1
7717,1
3447,0
440,1
8901,1
2581,1
8090,0
1252,0
4368,0
2569,1
6839,1
6137,1
4006,1
8829,1
3771,0
7210,1
9003,0
8013,1
932,1
7133,0
5367,1
8663,1
8323,1
6209,1
5204,0
5726,1
5659,1
1999,1
6076,0
1553,1
851,0
2319,1
1366,0
8289,1
1362,0
3030,1
6918,1
256,1
7407,0
9354,0
6303,1
2724,1
5374,0
3205,0
1596,0
2376,0
6688,1
7974,0
9572,1
2533,1
842,1
8204,0
4407,1
500,1
3619,0
7017,1
3217,0
7551,1
2403,1
543,0
9107,0
6916,0
356,1
195,0
6721,0
8063,1
4785,0
3983,0
1979,1
3874,1
4409,1
2478,0
9081,0
3556,1
1047,1
9389,0
2713,0
4853,1
6820,0
1389,1
1598,0
3931,0
7218,1
9825,0
3676,1
4145,1
9521,0
7071,1
5781,0
8241,1
1486,0
2601,1
8768,0
9086,1
2545,1
1802,0
3812,1
2347,1
804,1
9848,0
7255,1
6846,0
4120,0
9365,0
3557,0
5008,0
7582,0
8763,1
5203,1
6321,1
2686,1
945,0
9179,0
5114,0
3466,1
8117,1
911,0
1125,1
3378,1
9435,0
6669,0
3056,1
1063,1
659,0
5274,0
4066,1
3169,0
8696,0
3121,0
9245,0
4375,1
5526,0
7055,1
3657,0
9054,1
1282,0
2352,0
5180,0
3037,0
3428,1
8319,1
6410,0
3323,0
4550,0
613,0
1788,0
8066,0
4841,1
3395,0
792,1
8294,0
6031,1
3297,0
8750,0
1293,1
5889,0
7109,1
9119,0
6338,0
2140,0
2774,1
9687,0
1332,0
8287,1
1677,1
4880,0
7153,0
5755,0
7231,1
6182,0
3758,1
420,1
5607,1
6654,1
8644,0
4944,1
8137,1
5278,0
5886,1
1541,1
3699,0
4377,1
625,0
2000,0
8142,0
2889,0
3561,0
930,1
3978,1
5205,1
8765,1
7744,0
1543,1
475,0
6953,1
7489,1
1148,0
9589,0
4687,1
9154,0
7161,0
2609,1
6399,1
1678,0
3293,0
5387,1
7355,1
1919,1
3973,0
2563,1
3525,0
6516,0
1636,0
9553,0
1280,0
4182,0
8845,0
2892,1
3734,1
6660,1
2459,1
9581,0
1239,1
2878,1
6641,1
8374,0
2460,0
4653,1
5484,0
2485,1
6422,0
8807,1
9017,0
6465,1
6095,1
5899,0
4197,1
9806,0
7330,0
5742,1
7200,1
1206,0
4701,1
2835,0
3762,1
5515,1
2306,0
8277,1
1287,1
4341,1
7374,0
7837,1
4706,0
4481,1
266,1
3009,0
1906,0
999,0
118,1
268,1
6134,0
2439,1
5872,1
234,1
835,0
6013,1
8106,0
5212,0
2442,0
1108,0
7411,0
2582,0
7636,0
3043,0
4870,0
3559,0
3026,1
3334,1
3258,1
9344,0
1022,0
6473,1
1477,1
8647,1
6805,1
1551,1
8993,0
8054,0
7544,0
100,1
3996,1
5282,0
4424,0
9206,1
3227,0
8645,1
4445,1
2854,1
7077,1
4704,0
2343,1
3406,1
9371,0
74,1
905,0
616,1
2607,1
8118,0
1,1
7215,0
304,1
6531,1
3160,1
4304,0
4224,1
708,1
3072,1
7139,0
6310,0
8730,0
2708,1
8060,0
1439,1
7573,1
5811,0
1011,1
7074,1
4259,1
9797,0
1306,0
4873,1
5701,0
9390,1
2016,0
2653,0
5473,1
9380,1
6463,1
1897,1
9569,0
757,0
3859,0
8802,0
6175,1
7498,0
2549,1
9523,0
1560,0
1464,0
1785,1
7714,0
2223,1
3844,1
9140,1
7100,1
5520,0
6063,1
9741,0
3566,1
6219,1
9576,1
3955,0
3916,1
6275,1
1741,1
8214,0
4889,1
7480,0
9074,1
4847,1
7272,0
9743,0
7253,1
5493,1
3477,0
5422,0
5850,1
4734,1
9545,0
9447,0
7783,1
3129,0
9283,0
4366,0
6587,0
5121,1
7000,1
4801,1
8736,0
7450,1
2908,1
8055,1
3321,0
608,1
9446,1
5290,0
4552,0
3162,1
6199,1
5589,1
1942,0
309,0
1045,1
3552,1
257,0
9336,0
7946,0
6604,1
8658,0
8059,1
5277,1
9065,0
7173,0
745,0
281,0
486,1
9176,0
7490,0
3316,1
1478,0
9841,0
5013,1
9614,0
4185,1
7591,1
7957,1
2327,1
1978,0
760,1
1602,0
8438,0
7875,1
5935,0
1764,0
2754,1
4136,0
9087,0
3986,1
2243,1
7704,0
3902,1
5411,1
4139,1
1454,0
6254,0
5885,0
6701,0
5423,1
5435,1
1891,1
4413,1
5194,0
7299,1
3673,0
875,0
8985,0
1548,0
3093,0
7309,1
3763,0
539,0
3549,0
7204,1
4367,1
788,1
1484,0
9800,0
3249,0
1329,1
4610,1
1738,0
622,1
7608,0
3163,0
1050,1
6207,1
3963,0
2331,1
435,0
3080,1
4668,0
9010,1
8019,1
2794,1
4379,1
2616,0
7821,1
7545,1
7094,1
3116,1
5122,0
166,1
2877,0
2080,1
4529,1
8421,1
5102,0
3345,0
4793,1
1833,1
8155,1
7334,0
7430,1
7999,1
5763,0
4578,1
2826,1
5816,1
1774,0
2945,0
4564,1
3623,0
9247,0
8470,0
6061,1
9529,0
406,1
2191,1
